Name,Gene(s),Condition(s),Clinical significance (Last reviewed),Review status,GRCh37Chromosome,GRCh37Location,GRCh38Chromosome,GRCh38Location,VariationID,AlleleID(s)
"UROS, IVS9, T-G, -31",UROS,Congenital erythropoietic porphyria,"Pathogenic(Last reviewed: Feb 4, 2010)",no assertion criteria provided,,,,,30626,39583
"ALAD, IVS3AS, C-A, -11",ALAD,Porphobilinogen synthase deficiency,"Pathogenic(Last reviewed: Jan 1, 2004)",no assertion criteria provided,,,,,16868,31907
"PPOX, IVS11DS, G-A, -1",PPOX,"Variegate porphyria, homozygous","Pathogenic(Last reviewed: Apr 1, 2001)",no assertion criteria provided,,,,,8702,23741
"PPOX, 12-BP INS, NT657",PPOX,"Variegate porphyria, homozygous","Pathogenic(Last reviewed: Apr 1, 2001)",no assertion criteria provided,,,,,8701,23740
"PPOX, 5-BP DEL, NT1239",PPOX,Variegate porphyria,"Pathogenic(Last reviewed: Jan 1, 2001)",no assertion criteria provided,,,,,8700,23739
"PPOX, 2-BP DEL, 537AT",PPOX,Variegate porphyria,"Pathogenic(Last reviewed: Jan 1, 1998)",no assertion criteria provided,,,,,8699,23738
"PPOX, 1-BP INS, 1022G",PPOX,Variegate porphyria,"Pathogenic(Last reviewed: Mar 1, 1996)",no assertion criteria provided,,,,,8692,23731
"UROS, 80-BP INS",UROS,Congenital erythropoietic porphyria,"Pathogenic(Last reviewed: Jan 1, 1992)",no assertion criteria provided,,,,,3757,18796
NM_000375.2(UROS):c.148_244del (p.Leu50Serfs),UROS,Congenital erythropoietic porphyria,"Pathogenic(Last reviewed: Jan 1, 1992)",no assertion criteria provided,,,,,3756,18795
"HMBS, 1-BP DEL, 41A",HMBS,"Porphyria, acute intermittent, nonerythroid variant","Pathogenic(Last reviewed: Sep 1, 2000)",no assertion criteria provided,,,,,1482,16521
"HMBS, 1-BP DEL, -154G",HMBS,"Porphyria, acute intermittent, nonerythroid variant","Pathogenic(Last reviewed: Sep 1, 2000)",no assertion criteria provided,,,,,1481,16520
"HMBS, ALU INS",HMBS,Acute intermittent porphyria,"Pathogenic(Last reviewed: Jan 1, 1999)",no assertion criteria provided,,,,,1480,16519
"HMBS, 2-BP DEL, 847TG",HMBS,Acute intermittent porphyria,"Pathogenic(Last reviewed: Jul 1, 1997)",no assertion criteria provided,,,,,1479,16518
NM_000190.3(HMBS):c.266+1G>C,HMBS,Acute intermittent porphyria,"Pathogenic(Last reviewed: Jul 1, 1997)",no assertion criteria provided,,,,,1477,16516
"HMBS, IVS14DS, G-A, +1",HMBS,Acute intermittent porphyria,"Pathogenic(Last reviewed: Mar 1, 1993)",no assertion criteria provided,,,,,1476,16515
NM_000190.3(HMBS):c.771+1G>C,HMBS,Acute intermittent porphyria,"Pathogenic(Last reviewed: Dec 1, 1993)",no assertion criteria provided,,,,,1475,16514
NM_000190.3:c.734_741dupTTCGCTGC,HMBS,Acute intermittent porphyria,"Pathogenic(Last reviewed: Jan 1, 1994)",no assertion criteria provided,,,,,1470,16509
NM_000190.3:c.730_731delCT,HMBS,Acute intermittent porphyria,"Pathogenic(Last reviewed: Jan 1, 1994)",no assertion criteria provided,,,,,1468,16507
NM_000190.3(HMBS):c.499-1G>A,HMBS,Acute intermittent porphyria,"Pathogenic(Last reviewed: Jan 1, 1994)",no assertion criteria provided,,,,,1465,16504
"HMBS, 2-BP DEL, 218AG",HMBS,Acute intermittent porphyria,"Pathogenic(Last reviewed: Jan 1, 1994)",no assertion criteria provided,,,,,1463,16502
NM_000190.3(HMBS):c.211-1G>A,HMBS,Acute intermittent porphyria,"Pathogenic(Last reviewed: Jan 1, 1994)",no assertion criteria provided,,,,,1461,16500
NM_000190.3:c.181dupG,HMBS,Acute intermittent porphyria,"Pathogenic(Last reviewed: Jan 1, 1994)",no assertion criteria provided,,,,,1460,16499
NM_000190.3:c.174delC,HMBS,Acute intermittent porphyria,"Pathogenic(Last reviewed: Jan 1, 1994)",no assertion criteria provided,,,,,1459,16498
"HMBS, 9-BP DEL, EX10",HMBS,Acute intermittent porphyria,"Pathogenic(Last reviewed: Aug 1, 1991)",no assertion criteria provided,,,,,1452,16491
NM_000190.3:c.900delT,HMBS,Acute intermittent porphyria,"Pathogenic(Last reviewed: Aug 1, 1991)",no assertion criteria provided,,,,,1451,16490
NM_000190.3(HMBS):c.33+1G>T,HMBS,"Porphyria, acute intermittent, nonerythroid variant","Pathogenic(Last reviewed: Oct 1, 1989)",no assertion criteria provided,,,,,1444,16483
"HMBS, EX12DEL",HMBS,Acute intermittent porphyria,"Pathogenic(Last reviewed: Aug 25, 1989)",no assertion criteria provided,,,,,1442,16481
NM_000190.3(HMBS):c.33+1G>A,HMBS,"Porphyria, acute intermittent, nonerythroid variant","Pathogenic(Last reviewed: Nov 1, 1998)",no assertion criteria provided,,,,,1441,16480
NM_000374.5(UROD):c.-134T>G,UROD,Porphyria cutanea tarda,"Likely benign(Last reviewed: Jun 14, 2016)","criteria provided, single submitter",1,45477804,1,45012132,368874,353103
NM_000374.4(UROD):c.-67G>A,UROD,Porphyria cutanea tarda,"Uncertain significance(Last reviewed: Jun 14, 2016)","criteria provided, single submitter",1,45477871,1,45012199,297454,281152
NM_000374.5(UROD):c.-57dup,UROD,Porphyria cutanea tarda,"Uncertain significance(Last reviewed: Jun 14, 2016)","criteria provided, single submitter",1,45477881,1,45012209,297455,281154
NM_000374.4(UROD):c.-52C>A,UROD,Porphyria cutanea tarda,"Uncertain significance(Last reviewed: Jun 14, 2016)","criteria provided, single submitter",1,45477886,1,45012214,297456,282431
NM_000374.4(UROD):c.-51T>C,UROD,Porphyria cutanea tarda,"Uncertain significance(Last reviewed: Jun 14, 2016)","criteria provided, single submitter",1,45477887,1,45012215,297457,282695
NM_000374.4(UROD):c.-1C>T,UROD,Porphyria cutanea tarda,"Uncertain significance(Last reviewed: Jun 14, 2016)","criteria provided, single submitter",1,45477937,1,45012265,297458,280657
NM_000374.4(UROD):c.6_15delAGCGAATGGG (p.Glu2Aspfs),UROD,Porphyria cutanea tarda,"Pathogenic(Last reviewed: Apr 1, 2009)",no assertion criteria provided,1,45477943 - 45477952,1,45012271 - 45012280,64678,75613
NM_000374.4(UROD):c.185C>T (p.Pro62Leu),UROD,Hepatoerythropoietic porphyria,"Pathogenic(Last reviewed: Apr 1, 1996)",no assertion criteria provided,1,45478859,1,45013187,70,15109
NM_000374.4(UROD):c.346C>T (p.Gln116Ter),UROD,Porphyria cutanea tarda,"Pathogenic(Last reviewed: Apr 1, 2009)",no assertion criteria provided,1,45479335,1,45013663,64679,75614
NM_000374.4(UROD):c.450G>A (p.Pro150=),UROD,Porphyria cutanea tarda,"Uncertain significance(Last reviewed: Jun 14, 2016)","criteria provided, single submitter",1,45479439,1,45013767,297459,282433
NM_000374.4(UROD):c.474+15G>C,UROD,Porphyria cutanea tarda,"Uncertain significance(Last reviewed: Jun 14, 2016)","criteria provided, single submitter",1,45479478,1,45013806,297460,282696
NM_000374.4(UROD):c.494T>G (p.Met165Arg),UROD,Familial porphyria cutanea tarda,"Pathogenic(Last reviewed: Nov 1, 1998)",no assertion criteria provided,1,45479600,1,45013928,73,15112
NM_000374.4(UROD):c.499G>A (p.Glu167Lys),UROD,Hepatoerythropoietic porphyria,"Pathogenic(Last reviewed: Apr 1, 1991)",no assertion criteria provided,1,45479605,1,45013933,68,15107
NM_000374.4(UROD):c.578G>C (p.Arg193Pro),UROD,Familial porphyria cutanea tarda,"Pathogenic(Last reviewed: Sep 8, 2016)",no assertion criteria provided,1,45479684,1,45014012,254172,248651
NM_000374.4(UROD):c.583C>T (p.Leu195Phe),UROD,Familial porphyria cutanea tarda,"Pathogenic(Last reviewed: Nov 1, 1998)",no assertion criteria provided,1,45479689,1,45014017,74,15113
NM_000374.4(UROD):c.603A>G (p.Pro201=),UROD,Porphyria cutanea tarda|not specified,"Benign/Likely benign(Last reviewed: Jun 14, 2016)","criteria provided, multiple submitters, no conflicts",1,45479709,1,45014037,255961,249962
NM_000374.4(UROD):c.636+1G>C,UROD,Familial porphyria cutanea tarda,"Pathogenic(Last reviewed: Sep 8, 2016)",no assertion criteria provided,1,45479743,1,45014071,67,15106
NM_000374.4(UROD):c.693G>A (p.Lys231=),UROD,Porphyria cutanea tarda,"Uncertain significance(Last reviewed: Jun 14, 2016)","criteria provided, single submitter",1,45480167,1,45014495,297461,280668
NM_000374.4(UROD):c.738C>T (p.Ala246=),UROD,Porphyria cutanea tarda,"Uncertain significance(Last reviewed: Jun 14, 2016)","criteria provided, single submitter",1,45480212,1,45014540,297462,282698
NM_000374.4(UROD):c.758T>A (p.Leu253Gln),UROD,Porphyria cutanea tarda,"Likely benign(Last reviewed: Jun 14, 2016)","criteria provided, single submitter",1,45480232,1,45014560,297463,280676
NM_000374.4(UROD):c.842G>A (p.Gly281Glu),UROD,Porphyria cutanea tarda|Hepatoerythropoietic porphyria|Familial porphyria cutanea tarda,"Pathogenic(Last reviewed: Sep 8, 2016)",no assertion criteria provided,1,45480475,1,45014803,66,15105
NM_000374.4(UROD):c.842G>T (p.Gly281Val),UROD,Familial porphyria cutanea tarda,"Pathogenic(Last reviewed: Mar 1, 1989)",no assertion criteria provided,1,45480475,1,45014803,65,15104
NM_000374.4(UROD):c.874C>G (p.Arg292Gly),UROD,Hepatoerythropoietic porphyria,"Pathogenic(Last reviewed: Jul 1, 1992)",no assertion criteria provided,1,45480507,1,45014835,69,15108
NM_000374.4(UROD):c.912C>A (p.Asn304Lys),UROD,Familial porphyria cutanea tarda,"Pathogenic(Last reviewed: Nov 1, 1998)",no assertion criteria provided,1,45480648,1,45014976,75,15114
NM_000374.4(UROD):c.932A>G (p.Tyr311Cys),UROD,"Porphyria cutanea tarda, type I|Hepatoerythropoietic porphyria","Pathogenic(Last reviewed: Dec 18, 2017)","criteria provided, single submitter",1,45480668,1,45014996,71,15110
NM_000374.4(UROD):c.942G>A (p.Glu314=),UROD,Familial porphyria cutanea tarda,"Pathogenic(Last reviewed: Nov 1, 1998)",no assertion criteria provided,1,45480678,1,45015006,72,15111
NM_000374.4(UROD):c.995G>A (p.Arg332His),UROD,Familial porphyria cutanea tarda,"Pathogenic(Last reviewed: Nov 1, 1998)",no assertion criteria provided,1,45481061,1,45015389,76,15115
NM_000374.4(UROD):c.*3G>A,UROD,Porphyria cutanea tarda|not specified,"Likely benign(Last reviewed: Jun 14, 2016)","criteria provided, multiple submitters, no conflicts",1,45481173,1,45015501,255960,249963
NM_000374.4(UROD):c.*45C>T,UROD,Porphyria cutanea tarda,"Uncertain significance(Last reviewed: Jun 14, 2016)","criteria provided, single submitter",1,45481215,1,45015543,297464,281155
NM_000374.4(UROD):c.*80A>G,UROD,Porphyria cutanea tarda,"Uncertain significance(Last reviewed: Jun 14, 2016)","criteria provided, single submitter",1,45481250,1,45015578,297465,282699
NC_000001.9:g.157610062_160185096del2575035,,"Charcot-Marie-Tooth disease, demyelinating, type 1b|Variegate porphyria|Familial hemiplegic migraine type 2|Paragangliomas 3","Pathogenic(Last reviewed: Apr 13, 2018)","criteria provided, single submitter",,,,,559476,550200
NM_000309.4(PPOX):c.-190G>C,PPOX,Variegate porphyria,"Uncertain significance(Last reviewed: Jun 14, 2016)","criteria provided, single submitter",1,161136220,1,161166430,293237,277892
NM_000309.4(PPOX):c.-186C>A,PPOX,Variegate porphyria,"Likely benign(Last reviewed: Jun 14, 2016)","criteria provided, single submitter",1,161136224,1,161166434,293238,277167
NM_000309.4(PPOX):c.-185G>T,PPOX,Variegate porphyria,"Uncertain significance(Last reviewed: Jun 14, 2016)","criteria provided, single submitter",1,161136225,1,161166435,293239,277169
NM_000309.4(PPOX):c.-119T>C,PPOX,Variegate porphyria,"Uncertain significance(Last reviewed: Jun 14, 2016)","criteria provided, single submitter",1,161136291,1,161166501,293240,277893
NM_000309.4(PPOX):c.-113A>G,PPOX,Variegate porphyria,"Uncertain significance(Last reviewed: Jun 14, 2016)","criteria provided, single submitter",1,161136297,1,161166507,293241,276880
NM_000309.4(PPOX):c.-90G>T,PPOX,Variegate porphyria,"Uncertain significance(Last reviewed: Jun 14, 2016)","criteria provided, single submitter",1,161136320,1,161166530,293242,277832
NM_000309.4(PPOX):c.-88G>T,PPOX,Variegate porphyria,"Uncertain significance(Last reviewed: Jun 14, 2016)","criteria provided, single submitter",1,161136322,1,161166532,293243,276887
NM_000309.4(PPOX):c.-67C>G,PPOX,Variegate porphyria,"Likely benign(Last reviewed: Jun 14, 2016)","criteria provided, single submitter",1,161136343,1,161166553,293244,277833
NM_000309.4(PPOX):c.-2G>T,PPOX,Variegate porphyria,"Uncertain significance(Last reviewed: Jun 14, 2016)","criteria provided, single submitter",1,161136636,1,161166846,293245,277834
NM_000309.4(PPOX):c.-1C>T,PPOX,Variegate porphyria,"Uncertain significance(Last reviewed: Jun 14, 2016)","criteria provided, single submitter",1,161136637,1,161166847,293246,277170
NM_001122764.3(PPOX):c.35T>C (p.Ile12Thr),PPOX,"Variegate porphyria|Variegate porphyria, homozygous","Pathogenic(Last reviewed: Feb 14, 2013)",no assertion criteria provided,1,161136672,1,161166882,8703,23742
NM_001122764.3(PPOX):c.59A>C (p.His20Pro),PPOX,Variegate porphyria,"Pathogenic(Last reviewed: Jul 1, 1996)",no assertion criteria provided,1,161136696,1,161166906,8695,23734
NM_000309.4(PPOX):c.69G>T (p.Arg23=),PPOX,Variegate porphyria,"Uncertain significance(Last reviewed: Jun 14, 2016)","criteria provided, single submitter",1,161136706,1,161166916,293247,277895
NM_000309.4(PPOX):c.87+13C>T,PPOX,Variegate porphyria,"Uncertain significance(Last reviewed: Jun 14, 2016)","criteria provided, single submitter",1,161136737,1,161166947,293248,277835
NM_001122764.3(PPOX):c.175C>T (p.Arg59Trp),PPOX,Variegate porphyria,"Pathogenic(Last reviewed: Feb 14, 2013)",no assertion criteria provided,1,161136977,1,161167187,8696,23735
NM_001122764.1(PPOX):c.199delC (p.Leu67Terfs),PPOX,Variegate porphyria,"Pathogenic(Last reviewed: Mar 24, 2014)","criteria provided, single submitter",1,161137001,1,161167211,189241,187104
NM_000309.4(PPOX):c.338+9A>G,PPOX,Variegate porphyria,"Uncertain significance(Last reviewed: Jun 14, 2016)","criteria provided, single submitter",1,161137285,1,161167495,293249,277908
NM_000309.4(PPOX):c.360C>T (p.Pro120=),PPOX,Variegate porphyria,"Uncertain significance(Last reviewed: Jun 14, 2016)","criteria provided, single submitter",1,161137806,1,161168016,293250,277852
NM_000309.4(PPOX):c.471+3G>A,PPOX,Variegate porphyria,"Uncertain significance(Last reviewed: Jun 14, 2016)","criteria provided, single submitter",1,161137920,1,161168130,293251,277910
NM_001122764.3(PPOX):c.502C>T (p.Arg168Cys),PPOX,Variegate porphyria,"Pathogenic(Last reviewed: Jul 1, 1996)",no assertion criteria provided,1,161138252,1,161168462,8694,23733
NM_000309.4(PPOX):c.503G>A (p.Arg168His),PPOX,Variegate porphyria|not provided,"Pathogenic(Last reviewed: May 17, 2017)","criteria provided, single submitter",1,161138253,1,161168463,8697,23736
NM_000309.4(PPOX):c.522C>T (p.Asn174=),PPOX,Variegate porphyria,"Uncertain significance(Last reviewed: Jun 14, 2016)","criteria provided, single submitter",1,161138272,1,161168482,293252,277173
NM_000309.4(PPOX):c.590T>C (p.Ile197Thr),PPOX,Acute Porphyria,not provided,no assertion provided,1,161138340,1,161168550,441069,434560
NM_000309.4(PPOX):c.617-6C>T,PPOX,Variegate porphyria,"Uncertain significance(Last reviewed: Jun 14, 2016)","criteria provided, single submitter",1,161138777,1,161168987,293253,277854
NM_000309.4(PPOX):c.646A>G (p.Ile216Val),PPOX,Variegate porphyria,"Uncertain significance(Last reviewed: Jun 14, 2016)","criteria provided, single submitter",1,161138812,1,161169022,293254,277855
NM_001122764.3(PPOX):c.694G>C (p.Gly232Arg),PPOX,Variegate porphyria,"Pathogenic(Last reviewed: Mar 1, 1996)",no assertion criteria provided,1,161138860,1,161169070,8693,23732
NM_001122764.3(PPOX):c.767C>G (p.Pro256Arg),PPOX,"Variegate porphyria, homozygous","Pathogenic(Last reviewed: Apr 1, 2001)",no assertion criteria provided,1,161138933,1,161169143,8704,23743
NM_000309.4(PPOX):c.911G>A (p.Arg304His),PPOX,Variegate porphyria,"Likely benign(Last reviewed: Jun 14, 2016)","criteria provided, single submitter",1,161139738,1,161169948,293255,277862
NM_000309.4(PPOX):c.936G>A (p.Val312=),PPOX,Variegate porphyria,"Uncertain significance(Last reviewed: Jun 14, 2016)","criteria provided, single submitter",1,161139763,1,161169973,293256,277865
NM_001122764.3(PPOX):c.1046A>C (p.Asp349Ala),PPOX,"Variegate porphyria, homozygous","Pathogenic(Last reviewed: Nov 1, 1998)",no assertion criteria provided,1,161140257,1,161170467,8698,23737
NM_000309.4(PPOX):c.1062T>C (p.Pro354=),PPOX,Variegate porphyria,"Uncertain significance(Last reviewed: Jun 14, 2016)","criteria provided, single submitter",1,161140273,1,161170483,293257,277866
NM_000309.4(PPOX):c.1087C>G (p.Leu363Val),PPOX,Variegate porphyria,"Uncertain significance(Last reviewed: Jun 14, 2016)","criteria provided, single submitter",1,161140298,1,161170508,293258,276890
NM_000309.4(PPOX):c.1248+4A>G,PPOX,Variegate porphyria,"Uncertain significance(Last reviewed: Jun 14, 2016)","criteria provided, single submitter",1,161140563,1,161170773,293259,277867
NM_000309.4(PPOX):c.1303C>T (p.Gln435Ter),PPOX,Variegate porphyria,"Uncertain significance(Last reviewed: Jun 14, 2016)","criteria provided, single submitter",1,161140835,1,161171045,293260,277917
NM_000097.5(CPOX):c.995G>A (p.Arg332Gln),CPOX,not specified,"Uncertain significance(Last reviewed: Sep 14, 2017)","criteria provided, single submitter",3,98304462,3,98585618,449558,443528
NM_000097.5(CPOX):c.835G>C (p.Gly279Arg),CPOX,"Coproporphyria, digenic","Pathogenic(Last reviewed: Jan 1, 2006)",no assertion criteria provided,3,98307675,3,98588831,463,15502
NM_000097.5(CPOX):c.814A>C (p.Asn272His),CPOX,Hereditary coproporphyria|Acute Porphyria,"Benign(Last reviewed: Jun 14, 2016)","criteria provided, multiple submitters, no conflicts",3,98307696,3,98588852,346979,296470
NM_000410.3(HFE):c.187C>G (p.His63Asp),HFE|LOC108783645,Microvascular complications of diabetes 7|Hemochromatosis type 1|not provided|Hereditary hemochromatosis,"Pathogenic, other, risk factor(Last reviewed: Jul 10, 2018)","criteria provided, multiple submitters, no conflicts",6,26091179,6,26090951,10,15049
NM_000410.3(HFE):c.193A>T (p.Ser65Cys),HFE|LOC108783645,Hemochromatosis type 1|Hereditary hemochromatosis,"Uncertain significance(Last reviewed: Jun 26, 2018)","criteria provided, multiple submitters, no conflicts",6,26091185,6,26090957,11,15050
NM_000410.3(HFE):c.381A>C (p.Gln127His),HFE,Hemochromatosis type 1,"Pathogenic(Last reviewed: Aug 1, 1999)",no assertion criteria provided,6,26091582,6,26091354,17,15056
NM_000410.3(HFE):c.845G>A (p.Cys282Tyr),HFE,"Microvascular complications of diabetes 7|Hemochromatosis type 1|Porphyria cutanea tarda, susceptibility to|Porphyria variegata, susceptibility to|Hemochromatosis, juvenile, digenic|Alzheimer disease, susceptibility to|Transferrin serum level quantitative trait locus 2|not provided|Hereditary cancer-predisposing syndrome|Cutaneous photosensitivity|Porphyrinuria|Hereditary hemochromatosis","Conflicting interpretations of pathogenicity, association, other, risk factor(Last reviewed: Nov 21, 2018)","criteria provided, conflicting interpretations",6,26093141,6,26092913,9,15048
NM_000031.5(ALAD):c.823G>A (p.Val275Met),ALAD,Porphobilinogen synthase deficiency,"Pathogenic(Last reviewed: Jul 1, 1991)",no assertion criteria provided,9,116151365,9,113389085,16863,31902
NM_000031.5(ALAD):c.820G>A (p.Ala274Thr),ALAD,Porphobilinogen synthase deficiency,"Pathogenic(Last reviewed: May 1, 1992)",no assertion criteria provided,9,116151368,9,113389088,16866,31905
NM_000031.5(ALAD):c.718C>T (p.Arg240Trp),ALAD,Porphobilinogen synthase deficiency|not specified,"Uncertain significance(Last reviewed: May 16, 2016)","criteria provided, single submitter",9,116151801,9,113389521,16865,31904
NM_000031.5(ALAD):c.397G>A (p.Gly133Arg),ALAD,Porphobilinogen synthase deficiency,"Pathogenic(Last reviewed: Jul 1, 1991)",no assertion criteria provided,9,116153078,9,113390798,16862,31901
NM_000031.5(ALAD):c.269G>A (p.Arg90Gln),ALAD,not specified,"Uncertain significance(Last reviewed: Jan 13, 2016)","criteria provided, single submitter",9,116153206,9,113390926,382539,370456
NM_000031.5(ALAD):c.165-11C>T,ALAD,Porphobilinogen synthase deficiency,"Pathogenic(Last reviewed: Jan 1, 2004)",no assertion criteria provided,9,116153914,9,113391634,16869,31908
NM_000031.5(ALAD):c.36C>G (p.Phe12Leu),ALAD,"Porphyria, acute hepatic, digenic|not provided","Likely pathogenic(Last reviewed: May 11, 2016)","criteria provided, single submitter",9,116155804,9,113393524,16867,31906
NM_000375.2(UROS):c.*178G>A,UROS,Congenital erythropoietic porphyria,"Uncertain significance(Last reviewed: Jun 14, 2016)","criteria provided, single submitter",10,127477259,10,125788690,299183,314566
NM_000375.2(UROS):c.*99A>G,UROS,Congenital erythropoietic porphyria,"Uncertain significance(Last reviewed: Jun 14, 2016)","criteria provided, single submitter",10,127477338,10,125788769,299184,320639
NM_000375.2(UROS):c.*37G>T,UROS,Congenital erythropoietic porphyria,"Uncertain significance(Last reviewed: Jun 14, 2016)","criteria provided, single submitter",10,127477400,10,125788831,299185,309712
NM_000375.2(UROS):c.*24A>G,UROS,Congenital erythropoietic porphyria,"Uncertain significance(Last reviewed: Jun 14, 2016)","criteria provided, single submitter",10,127477413,10,125788844,299186,314567
NM_000375.2(UROS):c.743C>A (p.Pro248Gln),UROS,Congenital erythropoietic porphyria,"Pathogenic(Last reviewed: Jan 1, 1996)",no assertion criteria provided,10,127477492,10,125788923,3769,18808
NM_000375.2(UROS):c.691G>A (p.Ala231Thr),UROS,Congenital erythropoietic porphyria,"Uncertain significance(Last reviewed: Jun 14, 2016)","criteria provided, single submitter",10,127477544,10,125788975,299187,309715
NM_000375.2(UROS):c.683C>T (p.Thr228Met),UROS,Congenital erythropoietic porphyria,"Pathogenic(Last reviewed: Feb 1, 1992)",no assertion criteria provided,10,127477552,10,125788983,3754,18793
NM_000375.2(UROS):c.673G>A (p.Gly225Ser),UROS,Congenital erythropoietic porphyria,"Pathogenic(Last reviewed: Sep 12, 2013)",no assertion criteria provided,10,127477562,10,125788993,3766,18805
NM_000375.2(UROS):c.562G>T (p.Gly188Trp),UROS,Congenital erythropoietic porphyria,"Pathogenic(Last reviewed: Jun 1, 2002)",no assertion criteria provided,10,127483547,10,125794978,3761,18800
NM_000375.2(UROS):c.562G>A (p.Gly188Arg),UROS,Congenital erythropoietic porphyria,"Pathogenic(Last reviewed: Dec 1, 1998)",no assertion criteria provided,10,127483547,10,125794978,3759,18798
NM_000375.2(UROS):c.512T>C (p.Val171Ala),UROS,Congenital erythropoietic porphyria,"Uncertain significance(Last reviewed: Jun 14, 2016)","criteria provided, single submitter",10,127484721,10,125796152,299189,320640
NM_000375.2(UROS):c.512T>G (p.Val171Gly),UROS,Congenital erythropoietic porphyria,"Likely benign(Last reviewed: Jun 14, 2016)","criteria provided, single submitter",10,127484721,10,125796152,299188,321156
NM_000375.2(UROS):c.475+14T>A,UROS,Congenital erythropoietic porphyria,"Uncertain significance(Last reviewed: Jun 14, 2016)","criteria provided, single submitter",10,127486620,10,125798051,299190,321157
NM_001324036.1(UROS):c.397dup (p.Glu133Glyfs),UROS,Congenital erythropoietic porphyria,"Pathogenic(Last reviewed: Mar 1, 2001)",no assertion criteria provided,10,127486712,10,125798143,3768,18807
NM_000375.2(UROS):c.338A>T (p.Asp113Val),UROS,Congenital erythropoietic porphyria,"Likely benign(Last reviewed: Jun 14, 2016)","criteria provided, single submitter",10,127496038,10,125807469,299191,321166
NM_000375.2(UROS):c.327A>C (p.Lys109Asn),UROS,Congenital erythropoietic porphyria,"Uncertain significance(Last reviewed: Jun 14, 2016)","criteria provided, single submitter",10,127496049,10,125807480,299192,309716
NM_000375.2(UROS):c.311C>T (p.Ala104Val),UROS,Congenital erythropoietic porphyria,"Pathogenic(Last reviewed: Sep 12, 2013)",no assertion criteria provided,10,127500791,10,125812222,65601,76509
NM_000375.2(UROS):c.251A>C (p.Glu84Ala),UROS,Congenital erythropoietic porphyria,"Uncertain significance(Last reviewed: Jun 14, 2016)","criteria provided, single submitter",10,127500851,10,125812282,299193,314569
NM_000375.2(UROS):c.244G>T (p.Val82Phe),UROS,Congenital erythropoietic porphyria,"Uncertain significance(Last reviewed: Jun 14, 2016)","criteria provided, single submitter",10,127503603,10,125815034,3758,18797
NM_000375.2(UROS):c.243A>T (p.Glu81Asp),UROS,Congenital erythropoietic porphyria,"Pathogenic(Last reviewed: Jun 1, 2002)",no assertion criteria provided,10,127503604,10,125815035,3760,18799
NM_000375.2(UROS):c.217T>C (p.Cys73Arg),UROS,Congenital erythropoietic porphyria|not provided,"Pathogenic(Last reviewed: Aug 31, 2016)","criteria provided, multiple submitters, no conflicts",10,127503630,10,125815061,3750,18789
NM_000375.2(UROS):c.197C>T (p.Ala66Val),UROS,Congenital erythropoietic porphyria,"Pathogenic(Last reviewed: Sep 12, 2013)",no assertion criteria provided,10,127503650,10,125815081,3752,18791
NM_000375.2(UROS):c.184A>G (p.Thr62Ala),UROS,Congenital erythropoietic porphyria,"Pathogenic(Last reviewed: Feb 1, 1992)",no assertion criteria provided,10,127503663,10,125815094,3753,18792
NM_000375.2(UROS):c.158C>T (p.Pro53Leu),UROS,Congenital erythropoietic porphyria,"Pathogenic(Last reviewed: May 1, 1990)",no assertion criteria provided,10,127503689,10,125815120,3751,18790
NM_000375.2(UROS):c.139T>C (p.Ser47Pro),UROS,Congenital erythropoietic porphyria,"Pathogenic(Last reviewed: Sep 12, 2013)",no assertion criteria provided,10,127504754,10,125816185,65600,76508
NM_000375.2(UROS):c.1_63del,UROS,Congenital erythropoietic porphyria,"Pathogenic(Last reviewed: Mar 1, 2001)",no assertion criteria provided,10,127505005,10,125816436,3767,18806
NM_000375.2(UROS):c.27G>A (p.Ala9=),UROS,Congenital erythropoietic porphyria,"Uncertain significance(Last reviewed: Jun 14, 2016)","criteria provided, single submitter",10,127505042,10,125816473,299194,321169
NM_000375.2(UROS):c.10C>T (p.Leu4Phe),UROS,Congenital erythropoietic porphyria,"Pathogenic(Last reviewed: Jan 1, 1992)",no assertion criteria provided,10,127505059,10,125816490,3755,18794
NM_001324036.1(UROS):c.-26-177T>C,UROS,Congenital erythropoietic porphyria,"Pathogenic(Last reviewed: Apr 7, 2016)",no assertion criteria provided,10,127505271,10,125816702,3762,18801
NM_000375.2(UROS):c.-26-183G>A,UROS,Congenital erythropoietic porphyria,"Pathogenic(Last reviewed: Apr 7, 2016)",no assertion criteria provided,10,127505277,10,125816708,3763,18802
NM_000375.2(UROS):c.-26-193C>A,UROS,Congenital erythropoietic porphyria,"Pathogenic(Last reviewed: Mar 1, 2001)",no assertion criteria provided,10,127505287,10,125816718,3764,18803
NM_001324036.1(UROS):c.-26-197C>A,UROS,Congenital erythropoietic porphyria,"Pathogenic(Last reviewed: Apr 7, 2016)",no assertion criteria provided,10,127505291,10,125816722,3765,18804
NM_000375.2(UROS):c.-27+10G>A,UROS,Congenital erythropoietic porphyria,"Uncertain significance(Last reviewed: Jun 14, 2016)","criteria provided, single submitter",10,127511588,10,125823019,299195,314571
NM_000375.2(UROS):c.-31G>T,UROS,Congenital erythropoietic porphyria,"Likely benign(Last reviewed: Jun 14, 2016)","criteria provided, single submitter",10,127511602,10,125823033,299196,314572
NM_000375.2(UROS):c.-136C>T,UROS,Congenital erythropoietic porphyria,"Uncertain significance(Last reviewed: Jun 14, 2016)","criteria provided, single submitter",10,127511707,10,125823138,299197,314573
NM_000375.2(UROS):c.-185G>A,UROS,Congenital erythropoietic porphyria,"Benign(Last reviewed: Jun 14, 2016)","criteria provided, single submitter",10,127511756,10,125823187,299198,321178
NM_000375.2(UROS):c.-219C>A,UROS,Congenital erythropoietic porphyria,"Benign(Last reviewed: Jun 14, 2016)","criteria provided, single submitter",10,127511790,10,125823221,225268,227033
NM_000375.2(UROS):c.-232G>A,UROS,Congenital erythropoietic porphyria,"Uncertain significance(Last reviewed: Jun 14, 2016)","criteria provided, single submitter",10,127511803,10,125823234,299199,309717
NM_000190.3(HMBS):c.-65C>T,HMBS,Acute intermittent porphyria,"Benign(Last reviewed: Jun 14, 2016)","criteria provided, single submitter",11,118955679,11,119084969,302723,324646
NM_000190.3(HMBS):c.-28A>C,HMBS,Acute intermittent porphyria,"Likely benign(Last reviewed: Jun 14, 2016)","criteria provided, single submitter",11,118955716,11,119085006,302724,324649
NM_000190.3(HMBS):c.1A>G (p.Met1Val),HMBS,"Porphyria, acute intermittent, nonerythroid variant","Pathogenic(Last reviewed: Nov 1, 1994)",no assertion criteria provided,11,118955744,11,119085034,1484,16523
NM_000190.4(HMBS):c.77G>A (p.Arg26His),HMBS,Acute intermittent porphyria,"Pathogenic(Last reviewed: Aug 1, 1993)",no assertion criteria provided,11,118959008,11,119088298,1443,16482
NM_000190.4(HMBS):c.88-14G>A,HMBS,Acute intermittent porphyria|not specified,"Benign(Last reviewed: Jun 14, 2016)","criteria provided, multiple submitters, no conflicts",11,118959331,11,119088621,255487,254014
NM_000190.4(HMBS):c.91G>A (p.Ala31Thr),HMBS,Acute intermittent porphyria,"Pathogenic(Last reviewed: Jan 1, 1994)",no assertion criteria provided,11,118959348,11,119088638,1454,16493
NM_000190.4(HMBS):c.100C>A (p.Gln34Lys),HMBS,Acute intermittent porphyria,"Pathogenic(Last reviewed: Sep 1, 1992)",no assertion criteria provided,11,118959357,11,119088647,1455,16494
NM_000190.3(HMBS):c.104C>T (p.Thr35Met),HMBS,not provided,"Likely pathogenic(Last reviewed: Jul 10, 2017)","criteria provided, single submitter",11,118959361,11,119088651,449465,444737
NM_000190.4(HMBS):c.105G>C (p.Thr35=),HMBS,Acute intermittent porphyria,"Uncertain significance(Last reviewed: Jun 14, 2016)","criteria provided, single submitter",11,118959362,11,119088652,302725,325412
NM_000190.4(HMBS):c.135G>A (p.Ser45=),HMBS,Acute intermittent porphyria,"Uncertain significance(Last reviewed: Jun 14, 2016)","criteria provided, single submitter",11,118959392,11,119088682,302726,324652
NM_000190.4(HMBS):c.163G>T (p.Ala55Ser),HMBS,Acute intermittent porphyria,"Pathogenic(Last reviewed: Jan 1, 1994)",no assertion criteria provided,11,118959794,11,119089084,1458,16497
NM_000190.4(HMBS):c.210+5C>A,HMBS,Acute intermittent porphyria,"Likely benign(Last reviewed: Jun 14, 2016)","criteria provided, single submitter",11,118959846,11,119089136,302727,324664
NM_000190.4(HMBS):c.242T>C (p.Leu81Pro),HMBS,Acute intermittent porphyria,"Pathogenic(Last reviewed: Jan 1, 2004)",no assertion criteria provided,11,118959958,11,119089248,1485,16524
NM_000190.4(HMBS):c.257A>T (p.Glu86Val),HMBS,Acute intermittent porphyria,"Uncertain significance(Last reviewed: Jun 1, 2014)",no assertion criteria provided,11,118959973,11,119089263,161252,171128
NM_000190.4(HMBS):c.303C>T (p.Pro101=),HMBS,Acute intermittent porphyria,"Likely benign(Last reviewed: Jun 14, 2016)","criteria provided, single submitter",11,118960429,11,119089719,302728,325413
NM_000190.4(HMBS):c.331G>A (p.Gly111Arg),HMBS,Acute intermittent porphyria,"Pathogenic(Last reviewed: Oct 8, 1999)",no assertion criteria provided,11,118960457,11,119089747,1464,16503
NM_000190.4(HMBS):c.345-9C>T,HMBS,Acute intermittent porphyria,"Uncertain significance(Last reviewed: Jun 14, 2016)","criteria provided, single submitter",11,118960691,11,119089981,302729,312560
NM_000190.4(HMBS):c.346C>T (p.Arg116Trp),HMBS,Acute intermittent porphyria,"Pathogenic(Last reviewed: Mar 1, 1993)",no assertion criteria provided,11,118960701,11,119089991,1445,16484
NM_000190.4(HMBS):c.445C>T (p.Arg149Ter),HMBS,Acute intermittent porphyria,"Pathogenic(Last reviewed: Nov 25, 2015)","criteria provided, single submitter",11,118960922,11,119090212,1486,16525
NM_000190.4(HMBS):c.446G>A (p.Arg149Gln),HMBS,Acute intermittent porphyria,"Pathogenic(Last reviewed: Aug 1, 1991)",no assertion criteria provided,11,118960923,11,119090213,1449,16488
NM_000190.4(HMBS):c.463C>T (p.Gln155Ter),HMBS,Acute intermittent porphyria,"Pathogenic(Last reviewed: Oct 1, 1990)",no assertion criteria provided,11,118960940,11,119090230,1448,16487
NM_000190.4(HMBS):c.499C>T (p.Arg167Trp),HMBS,Acute intermittent porphyria|not provided,"Pathogenic(Last reviewed: Jul 14, 2016)","criteria provided, single submitter",11,118962123,11,119091413,1456,16495
NM_000190.4(HMBS):c.500G>T (p.Arg167Leu),HMBS,Acute intermittent porphyria,"Pathogenic(Last reviewed: Apr 15, 1991)",no assertion criteria provided,11,118962124,11,119091414,1457,16496
NM_000190.4(HMBS):c.500G>A (p.Arg167Gln),HMBS,Acute intermittent porphyria|not provided,"Pathogenic(Last reviewed: Jul 10, 2017)","criteria provided, single submitter",11,118962124,11,119091414,1446,16485
NM_000190.4(HMBS):c.518G>A (p.Arg173Gln),HMBS,Acute intermittent porphyria,"Pathogenic(Last reviewed: Jan 1, 1992)",no assertion criteria provided,11,118962142,11,119091432,1447,16486
NM_000190.4(HMBS):c.530T>G (p.Leu177Arg),HMBS,Acute intermittent porphyria,"Pathogenic(Last reviewed: Sep 1, 1992)",no assertion criteria provided,11,118962154,11,119091444,1466,16505
NM_000190.4(HMBS):c.532G>A (p.Asp178Asn),HMBS,not provided,"Likely pathogenic(Last reviewed: Nov 22, 2016)","criteria provided, single submitter",11,118962156,11,119091446,372379,359912
NM_000190.4(HMBS):c.583C>T (p.Arg195Cys),HMBS,Acute intermittent porphyria,"Likely pathogenic(Last reviewed: Jun 1, 2014)",no assertion criteria provided,11,118962207,11,119091497,161251,171129
NM_000190.4(HMBS):c.593G>A (p.Trp198Ter),HMBS,Acute intermittent porphyria,"Pathogenic(Last reviewed: Dec 1, 1991)",no assertion criteria provided,11,118962217,11,119091507,1453,16492
NM_000190.4(HMBS):c.601C>T (p.Arg201Trp),HMBS,Acute intermittent porphyria|not provided,"Pathogenic(Last reviewed: Dec 2, 2015)","criteria provided, single submitter",11,118962225,11,119091515,1462,16501
NM_000190.4(HMBS):c.606G>T (p.Val202=),DPAGT1|HMBS,Acute intermittent porphyria|Congenital disorder of glycosylation|not specified,"Benign/Likely benign(Last reviewed: Jun 14, 2016)","criteria provided, multiple submitters, no conflicts",11,118962230,11,119091520,255485,254015
NM_000190.4(HMBS):c.612+4G>A,HMBS,Acute intermittent porphyria,"Likely benign(Last reviewed: Jun 14, 2016)","criteria provided, single submitter",11,118962240,11,119091530,302730,325419
NM_000190.4(HMBS):c.613-19C>A,HMBS,Acute intermittent porphyria|not specified,Benign,"criteria provided, single submitter",11,118962816,11,119092106,255486,254016
NM_000190.4(HMBS):c.615C>G (p.Ile205Met),HMBS,Acute intermittent porphyria,"Uncertain significance(Last reviewed: Jun 14, 2016)","criteria provided, single submitter",11,118962837,11,119092127,302731,325424
NM_000190.4(HMBS):c.647G>A (p.Gly216Asp),HMBS,Acute intermittent porphyria,"Pathogenic(Last reviewed: Jul 1, 1997)",no assertion criteria provided,11,118962869,11,119092159,1478,16517
NM_000190.4(HMBS):c.655G>A (p.Ala219Thr),HMBS,not provided,"Likely pathogenic(Last reviewed: Oct 12, 2016)","criteria provided, single submitter",11,118963117,11,119092407,422257,408290
NM_000190.4(HMBS):c.667G>A (p.Glu223Lys),HMBS,Acute intermittent porphyria,"Pathogenic(Last reviewed: Jan 1, 1994)",no assertion criteria provided,11,118963129,11,119092419,1467,16506
NM_000190.3(HMBS):c.669_698del30 (p.Glu223_Leu232del),HMBS,Acute intermittent porphyria,Pathogenic,"criteria provided, single submitter",11,118963131 - 118963160,11,119092421 - 119092450,522578,513190
NM_000190.4(HMBS):c.674G>A (p.Arg225Gln),HMBS,Acute intermittent porphyria|not specified,"Uncertain significance(Last reviewed: Jun 21, 2017)","criteria provided, single submitter",11,118963136,11,119092426,161253,171130
NM_000190.4(HMBS):c.717C>T (p.His239=),HMBS,Acute intermittent porphyria,"Likely benign(Last reviewed: Jun 14, 2016)","criteria provided, single submitter",11,118963179,11,119092469,302732,325425
NM_000190.4(HMBS):c.723C>T (p.Pro241=),HMBS,Acute intermittent porphyria,"Likely benign(Last reviewed: Jun 14, 2016)","criteria provided, single submitter",11,118963185,11,119092475,302733,324667
NM_000190.4(HMBS):c.734T>G (p.Leu245Arg),HMBS,Acute intermittent porphyria,"Pathogenic(Last reviewed: Aug 1, 1991)",no assertion criteria provided,11,118963196,11,119092486,1450,16489
NM_000190.4(HMBS):c.739T>C (p.Cys247Arg),HMBS,Acute intermittent porphyria,"Pathogenic(Last reviewed: Dec 1, 1993)",no assertion criteria provided,11,118963201,11,119092491,1469,16508
NM_000190.4(HMBS):c.748G>A (p.Glu250Lys),HMBS,Acute intermittent porphyria,"Pathogenic(Last reviewed: Jan 1, 1994)",no assertion criteria provided,11,118963210,11,119092500,1471,16510
NM_000190.4(HMBS):c.754G>A (p.Ala252Thr),HMBS,Acute intermittent porphyria,"Pathogenic(Last reviewed: Dec 1, 1993)",no assertion criteria provided,11,118963216,11,119092506,1472,16511
NM_000190.4(HMBS):c.755C>T (p.Ala252Val),HMBS,Acute intermittent porphyria,"Pathogenic(Last reviewed: Dec 1, 1993)",no assertion criteria provided,11,118963217,11,119092507,1473,16512
NM_000190.4(HMBS):c.766C>A (p.His256Asn),HMBS,Acute intermittent porphyria,"Pathogenic(Last reviewed: Dec 1, 1993)",no assertion criteria provided,11,118963228,11,119092518,1474,16513
NM_000190.4(HMBS):c.771G>A (p.Leu257=),HMBS,not specified,"Uncertain significance(Last reviewed: Dec 6, 2017)","criteria provided, single submitter",11,118963233,11,119092523,488823,481977
NM_000190.4(HMBS):c.799G>A (p.Val267Met),HMBS,not provided,"Likely pathogenic(Last reviewed: Dec 22, 2016)","criteria provided, single submitter",11,118963495,11,119092785,381651,373907
NM_000190.4(HMBS):c.815A>C (p.Lys272Thr),HMBS,Acute intermittent porphyria,"Uncertain significance(Last reviewed: Mar 30, 2016)","criteria provided, single submitter",11,118963511,11,119092801,374953,361868
NM_000190.4(HMBS):c.849G>A (p.Trp283Ter),HMBS,Acute intermittent porphyria|not provided,"Pathogenic(Last reviewed: Apr 30, 2015)","criteria provided, single submitter",11,118963668,11,119092958,1483,16522
NM_000190.4(HMBS):c.891dup (p.Thr298Tyrfs),HMBS,Acute intermittent porphyria,"Likely pathogenic(Last reviewed: Nov 21, 2018)","criteria provided, single submitter",11,118963710,11,119093000,617904,609296
NM_000190.4(HMBS):c.962G>A (p.Arg321His),HMBS,Acute intermittent porphyria|not provided,"Conflicting interpretations of pathogenicity(Last reviewed: Nov 30, 2017)","criteria provided, conflicting interpretations",11,118963869,11,119093159,161250,171131
NM_000190.4(HMBS):c.1020C>T (p.Asn340=),HMBS,Acute intermittent porphyria,"Uncertain significance(Last reviewed: Jun 14, 2016)","criteria provided, single submitter",11,118963927,11,119093217,302734,325428
NM_000190.4(HMBS):c.1026G>A (p.Leu342=),HMBS,Acute intermittent porphyria,"Uncertain significance(Last reviewed: Jun 14, 2016)","criteria provided, single submitter",11,118963933,11,119093223,302735,318548
NM_000190.4(HMBS):c.1075G>A (p.Asp359Asn),HMBS,Acute intermittent porphyria,"Likely benign(Last reviewed: Jun 1, 2014)",no assertion criteria provided,11,118963982,11,119093272,161249,171132
NM_000190.3:c.1078_1132delGCCCATTAACTGGTTTGTGGGGCACAGATGCCTGGGTTGCTGCTGTCCAGTGCCT,HMBS,Acute intermittent porphyria,"Pathogenic(Last reviewed: May 20, 2017)","criteria provided, single submitter",11,118963985 - 118964039,11,119093275 - 119093329,549662,540142
NM_000190.4(HMBS):c.*94T>C,HMBS,Acute intermittent porphyria,"Uncertain significance(Last reviewed: Jun 14, 2016)","criteria provided, single submitter",11,118964087,11,119093377,302736,325432
NM_000190.4(HMBS):c.*101G>A,HMBS,Acute intermittent porphyria,"Uncertain significance(Last reviewed: Jun 14, 2016)","criteria provided, single submitter",11,118964094,11,119093384,302737,325433
NM_000190.4(HMBS):c.*194A>G,HMBS,Acute intermittent porphyria,"Uncertain significance(Last reviewed: Jun 14, 2016)","criteria provided, single submitter",11,118964187,11,119093477,302738,324668
NM_001382.3(DPAGT1):c.*427T>G,DPAGT1|HMBS,Acute intermittent porphyria|Congenital disorder of glycosylation,"Conflicting interpretations of pathogenicity(Last reviewed: Jun 14, 2016)","criteria provided, conflicting interpretations",11,118967281,11,119096571,302740,324675
NM_001382.3(DPAGT1):c.*417T>C,DPAGT1|HMBS,Acute intermittent porphyria|Congenital disorder of glycosylation,"Benign(Last reviewed: Jun 14, 2016)","criteria provided, single submitter",11,118967291,11,119096581,302741,325434
NM_001382.3(DPAGT1):c.*265A>G,DPAGT1|HMBS,Acute intermittent porphyria|Congenital disorder of glycosylation,"Conflicting interpretations of pathogenicity(Last reviewed: Jun 14, 2016)","criteria provided, conflicting interpretations",11,118967443,11,119096733,302744,312568
NM_001382.3(DPAGT1):c.*184G>A,DPAGT1|HMBS,Acute intermittent porphyria|Congenital disorder of glycosylation,"Benign(Last reviewed: Jun 14, 2016)","criteria provided, single submitter",11,118967524,11,119096814,302745,324687
NC_000011.10:g.119096839C>T,DPAGT1|HMBS,Acute intermittent porphyria,"Likely benign(Last reviewed: Jun 14, 2016)","criteria provided, single submitter",11,118967549,11,119096839,368940,353169
NM_001382.3(DPAGT1):c.1177A>G (p.Ile393Val),DPAGT1|HMBS,Acute intermittent porphyria|Congenital disorder of glycosylation|not specified,"Benign(Last reviewed: Jun 14, 2016)","criteria provided, multiple submitters, no conflicts",11,118967758,11,119097048,93728,99631
NM_001382.3(DPAGT1):c.994T>G (p.Phe332Val),DPAGT1|HMBS,Congenital disorder of glycosylation type 1J|Acute intermittent porphyria|Congenital myasthenic syndrome 13|not provided,"Conflicting interpretations of pathogenicity(Last reviewed: Jun 9, 2018)","criteria provided, conflicting interpretations",11,118968185,11,119097475,167007,177396
NM_006660.5(CLPX):c.893G>A (p.Gly298Asp),CLPX,"PROTOPORPHYRIA, ERYTHROPOIETIC, 2","Likely pathogenic(Last reviewed: Oct 15, 2018)","criteria provided, single submitter",15,65450248,15,65157910,545573,536074
NM_002049.3(GATA1):c.646C>T (p.Arg216Trp),GATA1,"Thrombocytopenia, platelet dysfunction, hemolysis, and imbalanced globin synthesis","Pathogenic(Last reviewed: Apr 17, 2014)",no assertion criteria provided,X,48650777,X,48792370,31943,40608
NM_000032.4(ALAS2):c.1757A>T (p.Tyr586Phe),ALAS2,"Protoporphyria, erythropoietic, X-linked|not specified","Uncertain significance(Last reviewed: Nov 30, 2016)","criteria provided, single submitter",X,55035620,X,55009187,40978,49400
