Name,Gene,Condition,Clinical Significance,Review Status,GRCh37Chromosome,GRCh37Location,GRCh38Chromosome,GRCh38Location,VariationID,AlleleID,illumina_match,URL,RSID,Chip
NM_000374.4(UROD):c.603A>G (p.Pro201=),UROD,Porphyria cutanea tarda|not specified,"Benign/Likely benign(Last reviewed: Jun 14, 2016)","criteria provided, multiple submitters, no conflicts",1,45479709,1,45014037,255961,249962,TRUE,https://www.ncbi.nlm.nih.gov/clinvar/variation/rs2228084,rs2228084,GSA
NM_000374.4(UROD):c.842G>A (p.Gly281Glu),UROD,Porphyria cutanea tarda|Hepatoerythropoietic porphyria|Familial porphyria cutanea tarda,"Pathogenic(Last reviewed: Sep 8, 2016)",no assertion criteria provided,1,45480475,1,45014803,66,15105,TRUE,https://www.ncbi.nlm.nih.gov/clinvar/variation/rs121918057,rs121918057,GSA
NM_000374.4(UROD):c.842G>T (p.Gly281Val),UROD,Familial porphyria cutanea tarda,"Pathogenic(Last reviewed: Mar 1, 1989)",no assertion criteria provided,1,45480475,1,45014803,65,15104,TRUE,https://www.ncbi.nlm.nih.gov/clinvar/variation/rs121918057,rs121918057,GSA
NM_000374.4(UROD):c.874C>G (p.Arg292Gly),UROD,Hepatoerythropoietic porphyria,"Pathogenic(Last reviewed: Jul 1, 1992)",no assertion criteria provided,1,45480507,1,45014835,69,15108,TRUE,https://www.ncbi.nlm.nih.gov/clinvar/variation/rs121918059,rs121918059,GSA
NM_000374.4(UROD):c.912C>A (p.Asn304Lys),UROD,Familial porphyria cutanea tarda,"Pathogenic(Last reviewed: Nov 1, 1998)",no assertion criteria provided,1,45480648,1,45014976,75,15114,TRUE,https://www.ncbi.nlm.nih.gov/clinvar/variation/rs121918065,rs121918065,GSA
NM_000374.4(UROD):c.932A>G (p.Tyr311Cys),UROD,"Porphyria cutanea tarda, type I|Hepatoerythropoietic porphyria","Pathogenic(Last reviewed: Dec 18, 2017)","criteria provided, single submitter",1,45480668,1,45014996,71,15110,TRUE,https://www.ncbi.nlm.nih.gov/clinvar/variation/rs121918061,rs121918061,GSA
NM_000374.4(UROD):c.995G>A (p.Arg332His),UROD,Familial porphyria cutanea tarda,"Pathogenic(Last reviewed: Nov 1, 1998)",no assertion criteria provided,1,45481061,1,45015389,76,15115,TRUE,https://www.ncbi.nlm.nih.gov/clinvar/variation/rs121918066,rs121918066,GSA
NM_000309.4(PPOX):c.-90G>T,PPOX,Variegate porphyria,"Uncertain significance(Last reviewed: Jun 14, 2016)","criteria provided, single submitter",1,161136320,1,161166530,293242,277832,TRUE,https://www.ncbi.nlm.nih.gov/clinvar/variation/rs115158839,rs115158839,GSA
NM_001122764.1(PPOX):c.199delC (p.Leu67Terfs),PPOX,Variegate porphyria,"Pathogenic(Last reviewed: Mar 24, 2014)","criteria provided, single submitter",1,161137001,1,161167211,189241,187104,TRUE,https://www.ncbi.nlm.nih.gov/clinvar/variation/rs786204784,rs786204784,GSA
NM_001122764.3(PPOX):c.502C>T (p.Arg168Cys),PPOX,Variegate porphyria,"Pathogenic(Last reviewed: Jul 1, 1996)",no assertion criteria provided,1,161138252,1,161168462,8694,23733,TRUE,https://www.ncbi.nlm.nih.gov/clinvar/variation/rs121918325,rs121918325,GSA
NM_000097.5(CPOX):c.814A>C (p.Asn272His),CPOX,Hereditary coproporphyria|Acute Porphyria,"Benign(Last reviewed: Jun 14, 2016)","criteria provided, multiple submitters, no conflicts",3,98307696,3,98588852,346979,296470,TRUE,https://www.ncbi.nlm.nih.gov/clinvar/variation/rs1131857,rs1131857,GSA
NM_000410.3(HFE):c.187C>G (p.His63Asp),HFE|LOC108783645,Microvascular complications of diabetes 7|Hemochromatosis type 1|not provided|Hereditary hemochromatosis,"Pathogenic, other, risk factor(Last reviewed: Jul 10, 2018)","criteria provided, multiple submitters, no conflicts",6,26091179,6,26090951,10,15049,TRUE,https://www.ncbi.nlm.nih.gov/clinvar/variation/rs1799945,rs1799945,GSA
NM_000410.3(HFE):c.193A>T (p.Ser65Cys),HFE|LOC108783645,Hemochromatosis type 1|Hereditary hemochromatosis,"Uncertain significance(Last reviewed: Jun 26, 2018)","criteria provided, multiple submitters, no conflicts",6,26091185,6,26090957,11,15050,TRUE,https://www.ncbi.nlm.nih.gov/clinvar/variation/rs1800730,rs1800730,GSA
NM_000410.3(HFE):c.845G>A (p.Cys282Tyr),HFE,"Microvascular complications of diabetes 7|Hemochromatosis type 1|Porphyria cutanea tarda, susceptibility to|Porphyria variegata, susceptibility to|Hemochromatosis, juvenile, digenic|Alzheimer disease, susceptibility to|Transferrin serum level quantitative trait locus 2|not provided|Hereditary cancer-predisposing syndrome|Cutaneous photosensitivity|Porphyrinuria|Hereditary hemochromatosis","Conflicting interpretations of pathogenicity, association, other, risk factor(Last reviewed: Nov 21, 2018)","criteria provided, conflicting interpretations",6,26093141,6,26092913,9,15048,TRUE,https://www.ncbi.nlm.nih.gov/clinvar/variation/rs1800562,rs1800562,GSA
NM_000031.5(ALAD):c.823G>A (p.Val275Met),ALAD,Porphobilinogen synthase deficiency,"Pathogenic(Last reviewed: Jul 1, 1991)",no assertion criteria provided,9,116151365,9,113389085,16863,31902,TRUE,https://www.ncbi.nlm.nih.gov/clinvar/variation/rs121912981,rs121912981,GSA
NM_000031.5(ALAD):c.718C>T (p.Arg240Trp),ALAD,Porphobilinogen synthase deficiency|not specified,"Uncertain significance(Last reviewed: May 16, 2016)","criteria provided, single submitter",9,116151801,9,113389521,16865,31904,TRUE,https://www.ncbi.nlm.nih.gov/clinvar/variation/rs121912982,rs121912982,GSA
NM_000031.5(ALAD):c.397G>A (p.Gly133Arg),ALAD,Porphobilinogen synthase deficiency,"Pathogenic(Last reviewed: Jul 1, 1991)",no assertion criteria provided,9,116153078,9,113390798,16862,31901,TRUE,https://www.ncbi.nlm.nih.gov/clinvar/variation/rs121912980,rs121912980,GSA
NM_000031.5(ALAD):c.36C>G (p.Phe12Leu),ALAD,"Porphyria, acute hepatic, digenic|not provided","Likely pathogenic(Last reviewed: May 11, 2016)","criteria provided, single submitter",9,116155804,9,113393524,16867,31906,TRUE,https://www.ncbi.nlm.nih.gov/clinvar/variation/rs121912984,rs121912984,GSA
NM_000375.2(UROS):c.683C>T (p.Thr228Met),UROS,Congenital erythropoietic porphyria,"Pathogenic(Last reviewed: Feb 1, 1992)",no assertion criteria provided,10,127477552,10,125788983,3754,18793,TRUE,https://www.ncbi.nlm.nih.gov/clinvar/variation/rs121908014,rs121908014,GSA
NM_000375.2(UROS):c.673G>A (p.Gly225Ser),UROS,Congenital erythropoietic porphyria,"Pathogenic(Last reviewed: Sep 12, 2013)",no assertion criteria provided,10,127477562,10,125788993,3766,18805,TRUE,https://www.ncbi.nlm.nih.gov/clinvar/variation/rs121908020,rs121908020,GSA
NM_000375.2(UROS):c.244G>T (p.Val82Phe),UROS,Congenital erythropoietic porphyria,"Uncertain significance(Last reviewed: Jun 14, 2016)","criteria provided, single submitter",10,127503603,10,125815034,3758,18797,TRUE,https://www.ncbi.nlm.nih.gov/clinvar/variation/rs121908016,rs121908016,GSA
NM_000375.2(UROS):c.217T>C (p.Cys73Arg),UROS,Congenital erythropoietic porphyria|not provided,"Pathogenic(Last reviewed: Aug 31, 2016)","criteria provided, multiple submitters, no conflicts",10,127503630,10,125815061,3750,18789,TRUE,https://www.ncbi.nlm.nih.gov/clinvar/variation/rs121908012,rs121908012,GSA
NM_000375.2(UROS):c.184A>G (p.Thr62Ala),UROS,Congenital erythropoietic porphyria,"Pathogenic(Last reviewed: Feb 1, 1992)",no assertion criteria provided,10,127503663,10,125815094,3753,18792,TRUE,https://www.ncbi.nlm.nih.gov/clinvar/variation/rs28941775,rs28941775,GSA
NM_000375.2(UROS):c.10C>T (p.Leu4Phe),UROS,Congenital erythropoietic porphyria,"Pathogenic(Last reviewed: Jan 1, 1992)",no assertion criteria provided,10,127505059,10,125816490,3755,18794,TRUE,https://www.ncbi.nlm.nih.gov/clinvar/variation/rs121908015,rs121908015,GSA
NM_000190.4(HMBS):c.445C>T (p.Arg149Ter),HMBS,Acute intermittent porphyria,"Pathogenic(Last reviewed: Nov 25, 2015)","criteria provided, single submitter",11,118960922,11,119090212,1486,16525,TRUE,https://www.ncbi.nlm.nih.gov/clinvar/variation/rs118204120,rs118204120,GSA
NM_000190.4(HMBS):c.499C>T (p.Arg167Trp),HMBS,Acute intermittent porphyria|not provided,"Pathogenic(Last reviewed: Jul 14, 2016)","criteria provided, single submitter",11,118962123,11,119091413,1456,16495,TRUE,https://www.ncbi.nlm.nih.gov/clinvar/variation/rs118204101,rs118204101,GSA
NM_000190.4(HMBS):c.500G>T (p.Arg167Leu),HMBS,Acute intermittent porphyria,"Pathogenic(Last reviewed: Apr 15, 1991)",no assertion criteria provided,11,118962124,11,119091414,1457,16496,TRUE,https://www.ncbi.nlm.nih.gov/clinvar/variation/rs118204095,rs118204095,GSA
NM_000190.4(HMBS):c.500G>A (p.Arg167Gln),HMBS,Acute intermittent porphyria|not provided,"Pathogenic(Last reviewed: Jul 10, 2017)","criteria provided, single submitter",11,118962124,11,119091414,1446,16485,TRUE,https://www.ncbi.nlm.nih.gov/clinvar/variation/rs118204095,rs118204095,GSA
NM_000190.4(HMBS):c.601C>T (p.Arg201Trp),HMBS,Acute intermittent porphyria|not provided,"Pathogenic(Last reviewed: Dec 2, 2015)","criteria provided, single submitter",11,118962225,11,119091515,1462,16501,TRUE,https://www.ncbi.nlm.nih.gov/clinvar/variation/rs118204109,rs118204109,GSA
NM_000190.4(HMBS):c.606G>T (p.Val202=),DPAGT1|HMBS,Acute intermittent porphyria|Congenital disorder of glycosylation|not specified,"Benign/Likely benign(Last reviewed: Jun 14, 2016)","criteria provided, multiple submitters, no conflicts",11,118962230,11,119091520,255485,254015,TRUE,https://www.ncbi.nlm.nih.gov/clinvar/variation/rs1131488,rs1131488,GSA
NM_000190.4(HMBS):c.1075G>A (p.Asp359Asn),HMBS,Acute intermittent porphyria,"Likely benign(Last reviewed: Jun 1, 2014)",no assertion criteria provided,11,118963982,11,119093272,161249,171132,TRUE,https://www.ncbi.nlm.nih.gov/clinvar/variation/rs144949995,rs144949995,GSA
NM_001382.3(DPAGT1):c.1177A>G (p.Ile393Val),DPAGT1|HMBS,Acute intermittent porphyria|Congenital disorder of glycosylation|not specified,"Benign(Last reviewed: Jun 14, 2016)","criteria provided, multiple submitters, no conflicts",11,118967758,11,119097048,93728,99631,TRUE,https://www.ncbi.nlm.nih.gov/clinvar/variation/rs643788,rs643788,GSA
NM_001382.3(DPAGT1):c.994T>G (p.Phe332Val),DPAGT1|HMBS,Congenital disorder of glycosylation type 1J|Acute intermittent porphyria|Congenital myasthenic syndrome 13|not provided,"Conflicting interpretations of pathogenicity(Last reviewed: Jun 9, 2018)","criteria provided, conflicting interpretations",11,118968185,11,119097475,167007,177396,TRUE,https://www.ncbi.nlm.nih.gov/clinvar/variation/rs138544311,rs138544311,GSA
NM_000374.4(UROD):c.603A>G (p.Pro201=),UROD,Porphyria cutanea tarda|not specified,"Benign/Likely benign(Last reviewed: Jun 14, 2016)","criteria provided, multiple submitters, no conflicts",1,45479709,1,45014037,255961,249962,TRUE,https://www.ncbi.nlm.nih.gov/clinvar/variation/255961,rs2228084,OmniExpress 
NM_000309.4(PPOX):c.-186C>A,PPOX,Variegate porphyria,"Likely benign(Last reviewed: Jun 14, 2016)","criteria provided, single submitter",1,161136224,1,161166434,293238,277167,TRUE,https://www.ncbi.nlm.nih.gov/clinvar/variation/293238,rs2301286,OmniExpress 
NM_000410.3(HFE):c.187C>G (p.His63Asp),HFE|LOC108783645,Microvascular complications of diabetes 7|Hemochromatosis type 1|not provided|Hereditary hemochromatosis,"Pathogenic, other, risk factor(Last reviewed: Jul 10, 2018)","criteria provided, multiple submitters, no conflicts",6,26091179,6,26090951,10,15049,TRUE,https://www.ncbi.nlm.nih.gov/clinvar/variation/10,rs1799945,OmniExpress 
NM_000190.3(HMBS):c.-65C>T,HMBS,Acute intermittent porphyria,"Benign(Last reviewed: Jun 14, 2016)","criteria provided, single submitter",11,118955679,11,119084969,302723,324646,TRUE,https://www.ncbi.nlm.nih.gov/clinvar/variation/302723,rs589925,OmniExpress 
NM_000190.4(HMBS):c.88-14G>A,HMBS,Acute intermittent porphyria|not specified,"Benign(Last reviewed: Jun 14, 2016)","criteria provided, multiple submitters, no conflicts",11,118959331,11,119088621,255487,254014,TRUE,https://www.ncbi.nlm.nih.gov/clinvar/variation/255487,rs17075,OmniExpress 
NM_000190.4(HMBS):c.613-19C>A,HMBS,Acute intermittent porphyria|not specified,Benign,"criteria provided, single submitter",11,118962816,11,119092106,255486,254016,TRUE,https://www.ncbi.nlm.nih.gov/clinvar/variation/255486,rs1784304,OmniExpress 
NM_001382.3(DPAGT1):c.*427T>G,DPAGT1|HMBS,Acute intermittent porphyria|Congenital disorder of glycosylation,"Conflicting interpretations of pathogenicity(Last reviewed: Jun 14, 2016)","criteria provided, conflicting interpretations",11,118967281,11,119096571,302740,324675,TRUE,https://www.ncbi.nlm.nih.gov/clinvar/variation/302740,rs28990975,OmniExpress 
NM_001382.3(DPAGT1):c.*417T>C,DPAGT1|HMBS,Acute intermittent porphyria|Congenital disorder of glycosylation,"Benign(Last reviewed: Jun 14, 2016)","criteria provided, single submitter",11,118967291,11,119096581,302741,325434,TRUE,https://www.ncbi.nlm.nih.gov/clinvar/variation/302741,rs7759,OmniExpress 
NM_001382.3(DPAGT1):c.*265A>G,DPAGT1|HMBS,Acute intermittent porphyria|Congenital disorder of glycosylation,"Conflicting interpretations of pathogenicity(Last reviewed: Jun 14, 2016)","criteria provided, conflicting interpretations",11,118967443,11,119096733,302744,312568,TRUE,https://www.ncbi.nlm.nih.gov/clinvar/variation/302744,rs28990974,OmniExpress 
NM_001382.3(DPAGT1):c.1177A>G (p.Ile393Val),DPAGT1|HMBS,Acute intermittent porphyria|Congenital disorder of glycosylation|not specified,"Benign(Last reviewed: Jun 14, 2016)","criteria provided, multiple submitters, no conflicts",11,118967758,11,119097048,93728,99631,TRUE,https://www.ncbi.nlm.nih.gov/clinvar/variation/93728,rs643788,OmniExpress 
